{
  "generation_timestamp": "2026-02-21T19:57:09.739401",
  "data_summary": {
    "total_products": 100,
    "total_sales_transactions": 20463,
    "total_revenue": 2290563.4299999997,
    "unique_skus": 100,
    "categories": [
      "Health & Beauty",
      "Books & Media",
      "Home & Garden",
      "Clothing",
      "Electronics",
      "Toys & Games",
      "Food & Beverages",
      "Sports & Outdoors"
    ],
    "date_range_days": 179,
    "avg_daily_revenue": 12725.352388888887,
    "top_products_by_revenue": {
      "44": 119136.95,
      "54": 99480.44,
      "41": 87879.32999999999,
      "72": 86461.45,
      "61": 84342.4
    }
  }
}